subclass_1,subclass_2,mean_win_prob,worst_matchup,worst_p,best_matchup,best_p
weaponmaster,weaponmaster,0.956,guardian+guardian,0.000,corsair+spellblade,1.000
chef,guardian,0.928,chef+chef,0.001,blacksmith+trickster,1.000
guardian,guardian,0.918,chef+guardian,0.000,ballmaster+cardmaster,1.000
berserker,berserker,0.883,chef+guardian,0.000,blacksmith+blacksmith,1.000
warlord,weaponmaster,0.871,chef+guardian,0.032,alchemist+blacksmith,1.000
berserker,weaponmaster,0.867,chef+guardian,0.000,blacksmith+cardmaster,1.000
berserker,guardian,0.865,chef+guardian,0.000,blacksmith+cardmaster,1.000
warlord,warlord,0.862,chef+guardian,0.005,blacksmith+cardmaster,1.000
guardian,warlord,0.861,chef+guardian,0.001,alchemist+cardmaster,1.000
chef,weaponmaster,0.855,chef+chef,0.000,blacksmith+chef,1.000
guardian,weaponmaster,0.851,chef+guardian,0.000,blacksmith+cardmaster,1.000
guardian,occultist,0.847,guardian+warlord,0.001,alchemist+blacksmith,1.000
berserker,warlord,0.822,chef+guardian,0.002,lifewarden+lifewarden,1.000
berserker,chef,0.808,chef+chef,0.000,blacksmith+chef,1.000
chef,warlord,0.803,chef+chef,0.000,blacksmith+chef,1.000
guardian,gunslinger,0.796,guardian+guardian,0.000,blacksmith+ranger,1.000
chef,chef,0.788,elementalist+guardian,0.269,musician+musician,1.000
duelist,guardian,0.788,chef+guardian,0.000,alchemist+blacksmith,1.000
elementalist,guardian,0.786,guardian+weaponmaster,0.000,blacksmith+blacksmith,1.000
guardian,lifewarden,0.776,chef+corsair,0.000,blacksmith+cardmaster,1.000
chef,occultist,0.775,berserker+weaponmaster,0.002,lifewarden+lifewarden,1.000
falconer,guardian,0.769,guardian+guardian,0.001,lifewarden+lifewarden,1.000
chef,corsair,0.750,chef+chef,0.000,blacksmith+chef,1.000
chef,elementalist,0.748,berserker+weaponmaster,0.007,lifewarden+lifewarden,1.000
cantor,guardian,0.744,chef+chef,0.001,blacksmith+spellblade,1.000
corsair,guardian,0.732,chef+guardian,0.000,blacksmith+weaponmaster,1.000
guardian,musician,0.727,chef+chef,0.000,blacksmith+blacksmith,1.000
berserker,occultist,0.726,guardian+guardian,0.000,lifewarden+lifewarden,1.000
duelist,weaponmaster,0.724,weaponmaster+weaponmaster,0.000,blacksmith+trickster,0.999
guardian,trickster,0.718,chef+guardian,0.000,blacksmith+cardmaster,1.000
berserker,elementalist,0.712,guardian+warlord,0.000,lifewarden+lifewarden,1.000
chef,trickster,0.708,chef+chef,0.000,blacksmith+trickster,1.000
berserker,falconer,0.701,berserker+weaponmaster,0.000,lifewarden+lifewarden,0.999
chef,gunslinger,0.698,chef+chef,0.000,blacksmith+chef,1.000
falconer,weaponmaster,0.697,berserker+weaponmaster,0.000,blacksmith+blacksmith,0.998
chef,shadowblade,0.696,chef+chef,0.000,blacksmith+chef,1.000
guardian,ranger,0.696,guardian+warlord,0.000,blacksmith+cardmaster,1.000
guardian,martyr,0.692,chef+chef,0.001,blacksmith+cardmaster,1.000
duelist,occultist,0.690,guardian+guardian,0.000,lifewarden+lifewarden,1.000
chef,duelist,0.680,chef+chef,0.000,lifewarden+lifewarden,1.000
chef,falconer,0.672,chef+chef,0.000,blacksmith+chef,1.000
berserker,duelist,0.670,guardian+guardian,0.000,blacksmith+musician,0.999
guardian,lightbringer,0.670,chef+chef,0.001,blacksmith+spellblade,1.000
occultist,weaponmaster,0.669,weaponmaster+weaponmaster,0.000,lifewarden+lifewarden,1.000
occultist,warlord,0.669,weaponmaster+weaponmaster,0.000,lifewarden+lifewarden,1.000
chef,ranger,0.668,chef+chef,0.000,ballmaster+lightbringer,1.000
elementalist,weaponmaster,0.665,weaponmaster+weaponmaster,0.000,lifewarden+lifewarden,0.998
guardian,shadowblade,0.665,guardian+lifewarden,0.000,alchemist+blacksmith,1.000
elementalist,elementalist,0.664,warlord+warlord,0.000,lifewarden+lifewarden,0.985
duelist,warlord,0.663,weaponmaster+weaponmaster,0.000,lifewarden+lifewarden,1.000
berserker,ranger,0.655,guardian+guardian,0.000,cantor+cardmaster,0.953
corsair,occultist,0.654,guardian+warlord,0.000,lifewarden+lifewarden,1.000
ranger,weaponmaster,0.651,guardian+warlord,0.000,blacksmith+corsair,0.998
chef,musician,0.650,chef+chef,0.001,ballmaster+musician,1.000
gunslinger,weaponmaster,0.650,guardian+warlord,0.000,blacksmith+musician,0.998
corsair,elementalist,0.650,guardian+guardian,0.000,lifewarden+lifewarden,1.000
elementalist,falconer,0.645,warlord+warlord,0.000,lifewarden+lifewarden,1.000
elementalist,warlord,0.645,warlord+weaponmaster,0.000,lifewarden+lifewarden,1.000
berserker,gunslinger,0.643,berserker+weaponmaster,0.000,blacksmith+cantor,0.998
corsair,falconer,0.643,berserker+weaponmaster,0.000,lifewarden+lifewarden,1.000
alchemist,guardian,0.642,guardian+lifewarden,0.000,blacksmith+ranger,1.000
falconer,warlord,0.641,berserker+weaponmaster,0.000,lifewarden+lifewarden,1.000
duelist,elementalist,0.640,guardian+warlord,0.000,lifewarden+lifewarden,1.000
shadowblade,weaponmaster,0.635,chef+guardian,0.000,blacksmith+trickster,0.993
occultist,shadowblade,0.633,guardian+guardian,0.000,lifewarden+lifewarden,1.000
gunslinger,occultist,0.632,weaponmaster+weaponmaster,0.000,lifewarden+lifewarden,1.000
corsair,weaponmaster,0.629,chef+guardian,0.000,blacksmith+corsair,0.995
falconer,falconer,0.623,guardian+guardian,0.000,lifewarden+lifewarden,1.000
berserker,shadowblade,0.622,guardian+guardian,0.000,ballmaster+blacksmith,0.998
corsair,warlord,0.622,weaponmaster+weaponmaster,0.000,blacksmith+corsair,1.000
occultist,ranger,0.622,weaponmaster+weaponmaster,0.000,lifewarden+lifewarden,0.986
musician,weaponmaster,0.620,chef+chef,0.000,blacksmith+corsair,1.000
ballmaster,berserker,0.619,guardian+warlord,0.000,lifewarden+lifewarden,1.000
berserker,corsair,0.617,guardian+warlord,0.000,blacksmith+blacksmith,0.998
duelist,falconer,0.617,guardian+guardian,0.000,lifewarden+lifewarden,1.000
lifewarden,warlord,0.615,weaponmaster+weaponmaster,0.000,blacksmith+spellblade,1.000
elementalist,shadowblade,0.614,guardian+warlord,-0.000,lifewarden+lifewarden,1.000
duelist,duelist,0.613,weaponmaster+weaponmaster,0.001,lifewarden+lifewarden,1.000
falconer,occultist,0.612,weaponmaster+weaponmaster,0.000,lifewarden+lifewarden,1.000
ballmaster,guardian,0.612,chef+guardian,0.000,blacksmith+blacksmith,1.000
lifewarden,weaponmaster,0.612,chef+guardian,0.000,blacksmith+spellblade,1.000
shadowblade,warlord,0.612,weaponmaster+weaponmaster,0.000,ballmaster+blacksmith,1.000
occultist,occultist,0.611,berserker+weaponmaster,0.000,lifewarden+lifewarden,1.000
trickster,warlord,0.611,weaponmaster+weaponmaster,0.000,blacksmith+spellblade,1.000
elementalist,occultist,0.608,guardian+warlord,0.000,lifewarden+lifewarden,1.000
corsair,duelist,0.606,berserker+weaponmaster,0.000,lifewarden+lifewarden,1.000
ballmaster,chef,0.605,chef+chef,-0.000,lifewarden+lifewarden,1.000
elementalist,ranger,0.604,warlord+warlord,0.000,cantor+spellblade,0.906
ballmaster,occultist,0.600,berserker+weaponmaster,0.000,lifewarden+lifewarden,1.000
elementalist,gunslinger,0.592,warlord+warlord,0.000,lifewarden+lifewarden,1.000
ballmaster,weaponmaster,0.591,weaponmaster+weaponmaster,0.000,lifewarden+lifewarden,1.000
duelist,ranger,0.589,guardian+guardian,-0.000,blacksmith+trickster,0.982
ballmaster,elementalist,0.583,guardian+warlord,0.000,lifewarden+lifewarden,1.000
duelist,shadowblade,0.583,berserker+weaponmaster,0.000,lifewarden+lifewarden,1.000
ranger,warlord,0.583,weaponmaster+weaponmaster,0.001,blacksmith+blacksmith,0.993
corsair,ranger,0.578,guardian+warlord,0.000,blacksmith+trickster,0.982
martyr,occultist,0.575,weaponmaster+weaponmaster,0.000,blacksmith+blacksmith,1.000
corsair,gunslinger,0.575,weaponmaster+weaponmaster,0.000,lifewarden+lifewarden,1.000
lightbringer,weaponmaster,0.575,chef+guardian,0.000,blacksmith+blacksmith,0.999
alchemist,weaponmaster,0.574,berserker+weaponmaster,0.000,blacksmith+musician,0.998
occultist,trickster,0.571,berserker+weaponmaster,0.000,lifewarden+lifewarden,1.000
cantor,occultist,0.569,weaponmaster+weaponmaster,0.000,blacksmith+musician,1.000
ballmaster,corsair,0.568,guardian+warlord,0.000,blacksmith+trickster,0.936
musician,occultist,0.568,weaponmaster+weaponmaster,0.000,lifewarden+lifewarden,1.000
lifewarden,occultist,0.565,weaponmaster+weaponmaster,0.000,blacksmith+musician,1.000
duelist,gunslinger,0.563,guardian+guardian,0.000,blacksmith+trickster,0.983
falconer,shadowblade,0.562,guardian+guardian,0.000,lightbringer+spellblade,0.953
duelist,trickster,0.561,berserker+weaponmaster,0.000,lifewarden+lifewarden,0.970
falconer,gunslinger,0.557,guardian+guardian,0.000,lifewarden+lifewarden,0.999
lightbringer,occultist,0.554,weaponmaster+weaponmaster,0.000,blacksmith+musician,1.000
berserker,trickster,0.554,chef+guardian,0.000,blacksmith+musician,0.985
ballmaster,duelist,0.554,guardian+guardian,0.000,blacksmith+blacksmith,0.993
falconer,ranger,0.553,guardian+guardian,0.000,lifewarden+lifewarden,1.000
martyr,weaponmaster,0.552,chef+guardian,0.000,blacksmith+blacksmith,0.998
cantor,weaponmaster,0.552,weaponmaster+weaponmaster,0.000,blacksmith+blacksmith,0.998
ballmaster,warlord,0.551,berserker+weaponmaster,0.000,blacksmith+trickster,0.983
trickster,weaponmaster,0.551,chef+guardian,0.000,blacksmith+corsair,1.000
gunslinger,warlord,0.551,weaponmaster+weaponmaster,0.001,lifewarden+lifewarden,1.000
duelist,musician,0.547,chef+chef,0.000,blacksmith+trickster,1.000
corsair,corsair,0.545,warlord+warlord,0.000,blacksmith+musician,0.984
corsair,shadowblade,0.543,weaponmaster+weaponmaster,0.000,blacksmith+trickster,0.913
cantor,chef,0.542,chef+chef,0.006,lifewarden+lifewarden,0.999
ballmaster,falconer,0.541,guardian+warlord,0.000,lifewarden+lifewarden,0.995
alchemist,berserker,0.538,weaponmaster+weaponmaster,0.000,blacksmith+musician,0.916
corsair,lifewarden,0.535,guardian+guardian,0.002,berserker+blacksmith,0.999
lightbringer,warlord,0.535,chef+chef,0.000,blacksmith+blacksmith,1.000
elementalist,musician,0.533,weaponmaster+weaponmaster,0.000,lifewarden+lifewarden,1.000
berserker,musician,0.530,chef+chef,0.000,lifewarden+lifewarden,0.986
cantor,corsair,0.527,weaponmaster+weaponmaster,0.000,blacksmith+spellblade,1.000
duelist,lifewarden,0.526,weaponmaster+weaponmaster,0.000,blacksmith+musician,1.000
elementalist,trickster,0.526,berserker+weaponmaster,0.000,lifewarden+lifewarden,1.000
musician,musician,0.524,chef+chef,-0.000,blacksmith+musician,0.994
falconer,trickster,0.524,berserker+weaponmaster,0.000,lifewarden+lifewarden,1.000
gunslinger,shadowblade,0.523,guardian+guardian,0.000,blacksmith+corsair,0.982
ranger,shadowblade,0.522,weaponmaster+weaponmaster,0.000,lifewarden+lifewarden,1.000
gunslinger,lifewarden,0.522,weaponmaster+weaponmaster,0.001,blacksmith+spellblade,0.999
alchemist,occultist,0.521,weaponmaster+weaponmaster,0.000,lifewarden+lifewarden,1.000
cantor,warlord,0.521,berserker+weaponmaster,0.000,ballmaster+blacksmith,0.982
chef,martyr,0.519,chef+chef,0.002,blacksmith+musician,0.993
cantor,gunslinger,0.519,weaponmaster+weaponmaster,0.000,blacksmith+duelist,1.000
gunslinger,musician,0.519,chef+chef,0.000,blacksmith+trickster,0.999
corsair,musician,0.519,chef+chef,0.000,blacksmith+blacksmith,1.000
corsair,martyr,0.519,weaponmaster+weaponmaster,0.000,blacksmith+guardian,0.998
lifewarden,trickster,0.517,chef+chef,0.000,blacksmith+weaponmaster,0.999
cantor,duelist,0.517,weaponmaster+weaponmaster,0.000,blacksmith+trickster,1.000
chef,lifewarden,0.517,chef+chef,0.017,lifewarden+lifewarden,1.000
duelist,lightbringer,0.517,chef+chef,0.000,blacksmith+musician,1.000
musician,shadowblade,0.515,chef+chef,0.000,blacksmith+trickster,0.999
chef,lightbringer,0.513,chef+chef,0.007,lifewarden+lifewarden,1.000
alchemist,duelist,0.509,guardian+guardian,0.000,blacksmith+trickster,0.983
gunslinger,martyr,0.504,weaponmaster+weaponmaster,0.000,blacksmith+duelist,1.000
alchemist,corsair,0.500,weaponmaster+weaponmaster,0.000,blacksmith+musician,0.984
cantor,elementalist,0.499,weaponmaster+weaponmaster,0.000,lifewarden+spellblade,0.953
ranger,ranger,0.496,berserker+weaponmaster,0.000,blacksmith+trickster,0.976
ballmaster,shadowblade,0.496,guardian+guardian,-0.000,blacksmith+trickster,0.982
musician,warlord,0.496,chef+chef,-0.000,blacksmith+blacksmith,0.998
martyr,warlord,0.495,weaponmaster+weaponmaster,0.000,blacksmith+trickster,0.983
gunslinger,ranger,0.495,guardian+guardian,0.000,blacksmith+musician,0.960
cantor,shadowblade,0.494,weaponmaster+weaponmaster,0.000,blacksmith+guardian,0.999
cantor,trickster,0.489,weaponmaster+weaponmaster,0.000,blacksmith+trickster,0.998
alchemist,shadowblade,0.487,weaponmaster+weaponmaster,0.000,blacksmith+musician,0.998
gunslinger,gunslinger,0.487,warlord+warlord,0.000,blacksmith+musician,0.955
corsair,lightbringer,0.486,weaponmaster+weaponmaster,0.001,blacksmith+blacksmith,1.000
shadowblade,shadowblade,0.486,warlord+warlord,0.000,blacksmith+musician,0.881
lifewarden,shadowblade,0.484,weaponmaster+weaponmaster,0.000,blacksmith+musician,1.000
cardmaster,weaponmaster,0.484,guardian+guardian,0.000,blacksmith+trickster,0.956
alchemist,elementalist,0.482,weaponmaster+weaponmaster,0.000,lifewarden+lifewarden,1.000
cardmaster,duelist,0.482,guardian+warlord,-0.000,ballmaster+blacksmith,0.908
cardmaster,chef,0.477,chef+chef,0.000,blacksmith+chef,1.000
gunslinger,trickster,0.477,berserker+weaponmaster,0.000,lifewarden+lifewarden,0.987
musician,trickster,0.477,chef+chef,0.000,blacksmith+musician,1.000
elementalist,lifewarden,0.476,weaponmaster+weaponmaster,0.000,blacksmith+musician,0.998
berserker,lifewarden,0.473,elementalist+guardian,0.001,blacksmith+musician,0.998
elementalist,martyr,0.473,weaponmaster+weaponmaster,0.000,lifewarden+lifewarden,1.000
ballmaster,ballmaster,0.472,berserker+weaponmaster,0.000,blacksmith+trickster,0.983
ballmaster,ranger,0.471,guardian+guardian,0.000,blacksmith+blacksmith,0.917
gunslinger,lightbringer,0.467,weaponmaster+weaponmaster,0.000,blacksmith+trickster,0.998
martyr,shadowblade,0.465,weaponmaster+weaponmaster,0.000,blacksmith+guardian,1.000
ranger,trickster,0.462,guardian+warlord,0.000,blacksmith+corsair,0.976
cantor,ranger,0.460,weaponmaster+weaponmaster,0.000,blacksmith+guardian,0.993
musician,ranger,0.460,chef+chef,0.000,blacksmith+blacksmith,1.000
occultist,spellblade,0.457,weaponmaster+weaponmaster,0.000,lifewarden+lifewarden,1.000
ballmaster,trickster,0.457,berserker+weaponmaster,0.000,blacksmith+musician,0.987
alchemist,chef,0.454,chef+chef,-0.000,blacksmith+blacksmith,1.000
martyr,trickster,0.453,chef+chef,0.000,blacksmith+cardmaster,0.994
falconer,musician,0.452,chef+chef,0.000,lifewarden+lifewarden,1.000
cardmaster,occultist,0.452,guardian+warlord,-0.000,lifewarden+lifewarden,1.000
alchemist,ranger,0.451,weaponmaster+weaponmaster,0.000,lifewarden+lifewarden,1.000
berserker,lightbringer,0.450,guardian+occultist,0.000,blacksmith+musician,0.993
berserker,cardmaster,0.447,guardian+warlord,-0.000,lifewarden+lifewarden,0.907
spellblade,weaponmaster,0.447,guardian+guardian,0.000,blacksmith+trickster,0.953
duelist,martyr,0.447,weaponmaster+weaponmaster,0.000,blacksmith+trickster,1.000
lightbringer,shadowblade,0.446,chef+guardian,0.000,blacksmith+musician,1.000
martyr,ranger,0.446,weaponmaster+weaponmaster,0.000,blacksmith+guardian,0.993
alchemist,trickster,0.445,weaponmaster+weaponmaster,0.000,blacksmith+trickster,0.993
lightbringer,trickster,0.443,weaponmaster+weaponmaster,0.000,blacksmith+cardmaster,0.994
ballmaster,gunslinger,0.440,guardian+guardian,-0.000,blacksmith+trickster,0.982
berserker,spellblade,0.439,guardian+warlord,-0.000,lifewarden+lifewarden,0.904
duelist,spellblade,0.439,guardian+guardian,0.000,blacksmith+trickster,0.982
guardian,spellblade,0.436,guardian+guardian,0.000,alchemist+blacksmith,0.994
chef,spellblade,0.434,chef+chef,0.000,blacksmith+chef,1.000
alchemist,gunslinger,0.434,guardian+guardian,0.000,blacksmith+musician,0.994
cardmaster,shadowblade,0.434,guardian+guardian,-0.000,lifewarden+lifewarden,0.955
lifewarden,musician,0.433,guardian+guardian,0.000,blacksmith+blacksmith,0.998
cantor,falconer,0.431,weaponmaster+weaponmaster,0.000,blacksmith+musician,0.962
elementalist,lightbringer,0.431,berserker+weaponmaster,0.000,blacksmith+musician,0.998
cardmaster,elementalist,0.430,berserker+weaponmaster,0.000,lifewarden+lifewarden,1.000
shadowblade,trickster,0.429,guardian+warlord,0.000,blacksmith+trickster,0.954
cardmaster,corsair,0.425,guardian+guardian,-0.000,blacksmith+musician,0.890
lifewarden,ranger,0.421,chef+chef,0.000,blacksmith+blacksmith,0.984
alchemist,warlord,0.421,weaponmaster+weaponmaster,0.000,lifewarden+lifewarden,1.000
corsair,trickster,0.416,weaponmaster+weaponmaster,0.000,blacksmith+musician,0.911
elementalist,spellblade,0.413,warlord+warlord,-0.000,lifewarden+lifewarden,1.000
lightbringer,ranger,0.413,chef+guardian,0.000,blacksmith+blacksmith,0.998
alchemist,falconer,0.411,berserker+weaponmaster,0.000,lifewarden+lifewarden,1.000
lightbringer,musician,0.408,weaponmaster+weaponmaster,0.000,blacksmith+blacksmith,0.999
blacksmith,guardian,0.408,chef+guardian,0.000,blacksmith+spellblade,1.000
cardmaster,falconer,0.403,guardian+warlord,-0.000,lifewarden+lifewarden,0.984
cardmaster,ranger,0.398,guardian+guardian,-0.000,lifewarden+lifewarden,1.000
falconer,lifewarden,0.395,berserker+guardian,0.000,lifewarden+lifewarden,0.963
falconer,martyr,0.395,chef+chef,0.000,lifewarden+lifewarden,0.985
corsair,spellblade,0.393,weaponmaster+weaponmaster,-0.000,blacksmith+trickster,0.910
shadowblade,spellblade,0.386,guardian+warlord,0.000,lifewarden+lifewarden,0.953
ballmaster,musician,0.382,chef+chef,-0.000,blacksmith+warlord,0.894
cardmaster,guardian,0.380,guardian+warlord,0.000,blacksmith+blacksmith,0.983
falconer,lightbringer,0.379,weaponmaster+weaponmaster,0.000,blacksmith+musician,0.953
trickster,trickster,0.374,guardian+warlord,0.000,blacksmith+trickster,0.953
lifewarden,lightbringer,0.373,chef+chef,0.000,blacksmith+blacksmith,0.990
cardmaster,trickster,0.371,berserker+weaponmaster,0.000,blacksmith+musician,0.966
blacksmith,chef,0.370,berserker+chef,0.000,blacksmith+blacksmith,0.998
cantor,musician,0.367,chef+chef,0.001,blacksmith+blacksmith,0.937
alchemist,ballmaster,0.361,guardian+guardian,0.000,blacksmith+blacksmith,0.904
martyr,martyr,0.358,weaponmaster+weaponmaster,0.000,chef+ranger,0.982
martyr,musician,0.358,berserker+weaponmaster,0.000,blacksmith+blacksmith,0.983
lightbringer,lightbringer,0.356,chef+chef,0.000,blacksmith+blacksmith,0.986
berserker,cantor,0.356,weaponmaster+weaponmaster,0.000,blacksmith+cardmaster,0.955
berserker,martyr,0.354,weaponmaster+weaponmaster,-0.000,blacksmith+cardmaster,0.957
cardmaster,warlord,0.353,berserker+weaponmaster,0.000,blacksmith+blacksmith,0.983
berserker,blacksmith,0.353,weaponmaster+weaponmaster,0.000,cantor+spellblade,0.881
lifewarden,martyr,0.343,chef+chef,0.000,blacksmith+blacksmith,0.990
cantor,lifewarden,0.340,chef+chef,0.000,blacksmith+blacksmith,0.991
cardmaster,gunslinger,0.339,warlord+warlord,-0.000,lifewarden+lifewarden,1.000
spellblade,trickster,0.336,weaponmaster+weaponmaster,0.000,blacksmith+trickster,0.892
ballmaster,martyr,0.334,chef+chef,0.000,blacksmith+trickster,0.953
ballmaster,cantor,0.334,weaponmaster+weaponmaster,0.000,blacksmith+trickster,0.953
blacksmith,elementalist,0.334,berserker+weaponmaster,0.000,blacksmith+trickster,0.954
blacksmith,falconer,0.332,berserker+berserker,0.000,lifewarden+lifewarden,1.000
lightbringer,martyr,0.329,weaponmaster+weaponmaster,0.000,blacksmith+blacksmith,0.986
cantor,lightbringer,0.326,guardian+guardian,0.000,blacksmith+blacksmith,0.987
ballmaster,lifewarden,0.326,weaponmaster+weaponmaster,0.000,blacksmith+blacksmith,0.989
cantor,cantor,0.325,weaponmaster+weaponmaster,0.000,lifewarden+lifewarden,1.000
ranger,spellblade,0.322,warlord+warlord,-0.000,lifewarden+lifewarden,1.000
cantor,martyr,0.322,weaponmaster+weaponmaster,0.000,blacksmith+cantor,0.953
alchemist,musician,0.317,chef+chef,-0.000,blacksmith+musician,0.982
blacksmith,duelist,0.317,guardian+warlord,0.000,blacksmith+cardmaster,0.924
falconer,spellblade,0.313,guardian+warlord,-0.000,lifewarden+lifewarden,0.859
spellblade,warlord,0.313,weaponmaster+weaponmaster,0.000,lifewarden+lifewarden,0.982
gunslinger,spellblade,0.296,warlord+warlord,-0.000,lifewarden+lifewarden,1.000
ballmaster,cardmaster,0.295,guardian+guardian,-0.000,blacksmith+blacksmith,0.825
blacksmith,occultist,0.293,weaponmaster+weaponmaster,-0.000,blacksmith+musician,0.994
blacksmith,weaponmaster,0.291,weaponmaster+weaponmaster,-0.000,blacksmith+blacksmith,0.995
alchemist,alchemist,0.277,weaponmaster+weaponmaster,0.000,lifewarden+lifewarden,1.000
blacksmith,gunslinger,0.273,weaponmaster+weaponmaster,-0.000,blacksmith+blacksmith,0.825
lifewarden,lifewarden,0.268,cantor+cantor,-0.000,blacksmith+blacksmith,0.996
ballmaster,lightbringer,0.267,weaponmaster+weaponmaster,0.000,blacksmith+blacksmith,0.909
blacksmith,ranger,0.264,weaponmaster+weaponmaster,-0.000,blacksmith+blacksmith,0.883
musician,spellblade,0.262,berserker+berserker,0.000,blacksmith+chef,0.786
cardmaster,musician,0.261,chef+chef,-0.000,blacksmith+musician,0.731
blacksmith,warlord,0.252,weaponmaster+weaponmaster,-0.000,blacksmith+musician,0.831
ballmaster,spellblade,0.252,guardian+warlord,-0.000,lifewarden+lifewarden,0.881
alchemist,cantor,0.248,weaponmaster+weaponmaster,0.000,lifewarden+lifewarden,1.000
blacksmith,martyr,0.248,chef+chef,0.000,blacksmith+blacksmith,0.780
alchemist,lifewarden,0.246,chef+chef,0.000,blacksmith+musician,0.881
alchemist,martyr,0.244,chef+chef,0.000,lifewarden+lifewarden,1.000
blacksmith,cantor,0.244,weaponmaster+weaponmaster,0.000,cardmaster+martyr,0.731
alchemist,lightbringer,0.241,weaponmaster+weaponmaster,0.000,blacksmith+musician,0.881
ballmaster,blacksmith,0.238,weaponmaster+weaponmaster,0.000,blacksmith+blacksmith,0.994
blacksmith,corsair,0.233,weaponmaster+weaponmaster,-0.000,lightbringer+spellblade,0.881
blacksmith,shadowblade,0.228,weaponmaster+weaponmaster,0.000,blacksmith+blacksmith,0.994
cardmaster,cardmaster,0.225,guardian+warlord,-0.000,lifewarden+lifewarden,0.767
alchemist,cardmaster,0.218,guardian+warlord,-0.000,lifewarden+lifewarden,0.881
cardmaster,martyr,0.217,chef+chef,0.000,lifewarden+lifewarden,0.797
cardmaster,lightbringer,0.217,weaponmaster+weaponmaster,0.000,blacksmith+blacksmith,0.667
blacksmith,lifewarden,0.212,chef+chef,-0.000,blacksmith+blacksmith,0.804
blacksmith,lightbringer,0.204,weaponmaster+weaponmaster,0.000,blacksmith+blacksmith,0.758
alchemist,blacksmith,0.204,guardian+occultist,-0.000,blacksmith+blacksmith,0.789
cantor,cardmaster,0.197,weaponmaster+weaponmaster,0.000,blacksmith+blacksmith,0.789
cardmaster,lifewarden,0.187,weaponmaster+weaponmaster,0.000,blacksmith+blacksmith,0.833
alchemist,spellblade,0.187,guardian+warlord,-0.000,lifewarden+lifewarden,0.881
cardmaster,spellblade,0.184,guardian+warlord,-0.000,lifewarden+lifewarden,0.767
blacksmith,cardmaster,0.175,berserker+weaponmaster,-0.000,blacksmith+blacksmith,0.750
martyr,spellblade,0.174,weaponmaster+weaponmaster,-0.000,cardmaster+lifewarden,0.731
cantor,spellblade,0.174,weaponmaster+weaponmaster,-0.000,cardmaster+lifewarden,0.731
spellblade,spellblade,0.171,warlord+warlord,-0.000,blacksmith+blacksmith,0.676
lifewarden,spellblade,0.164,weaponmaster+weaponmaster,-0.000,blacksmith+blacksmith,0.667
lightbringer,spellblade,0.162,warlord+weaponmaster,0.000,blacksmith+blacksmith,0.768
blacksmith,spellblade,0.154,berserker+berserker,0.000,blacksmith+blacksmith,0.705
blacksmith,trickster,0.148,chef+guardian,-0.000,blacksmith+blacksmith,0.993
blacksmith,musician,0.125,chef+chef,-0.000,blacksmith+blacksmith,1.000
blacksmith,blacksmith,0.116,alchemist+chef,0.000,blacksmith+falconer,0.546
